/*
1511. Customer Order Frequency


Table: Customers

+---------------+---------+
| Column Name   | Type    |
+---------------+---------+
| customer_id   | int     |
| name          | varchar |
| country       | varchar |
+---------------+---------+
customer_id is the primary key for this table.
This table contains information of the customers in the company.
 

Table: Product

+---------------+---------+
| Column Name   | Type    |
+---------------+---------+
| product_id    | int     |
| description   | varchar |
| price         | int     |
+---------------+---------+
product_id is the primary key for this table.
This table contains information of the products in the company.
price is the product cost.
 

Table: Orders

+---------------+---------+
| Column Name   | Type    |
+---------------+---------+
| order_id      | int     |
| customer_id   | int     |
| product_id    | int     |
| order_date    | date    |
| quantity      | int     |
+---------------+---------+
order_id is the primary key for this table.
This table contains information on customer orders.
customer_id is the id of the customer who bought "quantity" products with id "product_id".
Order_date is the date in format ('YYYY-MM-DD') when the order was shipped.
 

Write an SQL query to report the customer_id and customer_name of customers who have spent at least $100 in each month of June and July 2020.

Return the result table in any order.

The query result format is in the following example.

 

Customers
+--------------+-----------+-------------+
| customer_id  | name      | country     |
+--------------+-----------+-------------+
| 1            | Winston   | USA         |
| 2            | Jonathan  | Peru        |
| 3            | Moustafa  | Egypt       |
+--------------+-----------+-------------+

Product
+--------------+-------------+-------------+
| product_id   | description | price       |
+--------------+-------------+-------------+
| 10           | LC Phone    | 300         |
| 20           | LC T-Shirt  | 10          |
| 30           | LC Book     | 45          |
| 40           | LC Keychain | 2           |
+--------------+-------------+-------------+

Orders
+--------------+-------------+-------------+-------------+-----------+
| order_id     | customer_id | product_id  | order_date  | quantity  |
+--------------+-------------+-------------+-------------+-----------+
| 1            | 1           | 10          | 2020-06-10  | 1         |
| 2            | 1           | 20          | 2020-07-01  | 1         |
| 3            | 1           | 30          | 2020-07-08  | 2         |
| 4            | 2           | 10          | 2020-06-15  | 2         |
| 5            | 2           | 40          | 2020-07-01  | 10        |
| 6            | 3           | 20          | 2020-06-24  | 2         |
| 7            | 3           | 30          | 2020-06-25  | 2         |
| 9            | 3           | 30          | 2020-05-08  | 3         |
+--------------+-------------+-------------+-------------+-----------+

Result table:
+--------------+------------+
| customer_id  | name       |  
+--------------+------------+
| 1            | Winston    |
+--------------+------------+ 
Winston spent $300 (300 * 1) in June and $100 ( 10 * 1 + 45 * 2) in July 2020.
Jonathan spent $600 (300 * 2) in June and $20 ( 2 * 10) in July 2020.
Moustafa spent $110 (10 * 2 + 45 * 2) in June and $0 in July 2020.




*/




Create table Customers (customer_id int, name varchar(30), country varchar(30))
Create table Product (product_id int, description varchar(30), price int)
Create table Orders (order_id int, customer_id int, product_id int, order_date date, quantity int)
Truncate table Customers
insert into Customers (customer_id, name, country) values ('1', 'Winston', 'USA')
insert into Customers (customer_id, name, country) values ('2', 'Jonathan', 'Peru')
insert into Customers (customer_id, name, country) values ('3', 'Moustafa', 'Egypt')
Truncate table Product
insert into Product (product_id, description, price) values ('10', 'LC Phone', '300')
insert into Product (product_id, description, price) values ('20', 'LC T-Shirt', '10')
insert into Product (product_id, description, price) values ('30', 'LC Book', '45')
insert into Product (product_id, description, price) values ('40', 'LC Keychain', '2')
Truncate table Orders
insert into Orders (order_id, customer_id, product_id, order_date, quantity) values ('1', '1', '10', '2020-06-10', '1')
insert into Orders (order_id, customer_id, product_id, order_date, quantity) values ('2', '1', '20', '2020-07-01', '1')
insert into Orders (order_id, customer_id, product_id, order_date, quantity) values ('3', '1', '30', '2020-07-08', '2')
insert into Orders (order_id, customer_id, product_id, order_date, quantity) values ('4', '2', '10', '2020-06-15', '2')
insert into Orders (order_id, customer_id, product_id, order_date, quantity) values ('5', '2', '40', '2020-07-01', '10')
insert into Orders (order_id, customer_id, product_id, order_date, quantity) values ('6', '3', '20', '2020-06-24', '2')
insert into Orders (order_id, customer_id, product_id, order_date, quantity) values ('7', '3', '30', '2020-06-25', '2')
insert into Orders (order_id, customer_id, product_id, order_date, quantity) values ('9', '3', '30', '2020-05-08', '3')



/* Write your T-SQL query statement below */

select 
c.customer_id
,c.name
from
Customers c 
inner join Orders o on c.customer_id = o.customer_id
inner join Product p on p.product_id = o.product_id
where year(o.order_date) = 2020 and month(o.order_date) = 6
group by 
c.customer_id
,c.name
,year(o.order_date)
,month(o.order_date)
having sum(o.quantity*p.price) >=100

intersect

select 
c.customer_id
,c.name
from
Customers c 
inner join Orders o on c.customer_id = o.customer_id
inner join Product p on p.product_id = o.product_id
where year(o.order_date) = 2020 and month(o.order_date)  = 7
group by 
c.customer_id
,c.name
,year(o.order_date)
,month(o.order_date)
having sum(o.quantity*p.price) >=100






























